PCT,name,ordering
PCT0001,Abbots Langley,1
PCT0002,Aberaeron,2
PCT0003,Aberdare,3
PCT0004,Aberdeen,4
PCT0005,Aberdovey,5
PCT0006,Aberfeldy,6
PCT1431,Abergavenny,7
PCT0007,Abergele,8
PCT0008,Aberlour,9
PCT0009,Abertillery,10
PCT0783,Aberystwyth + Llanrhystud + Llanon,11
PCT0010,Abingdon,12
PCT0011,Aboyne,13
PCT0012,Accrington,14
PCT0013,Acharacle,15
PCT0014,Achnasheen,16
PCT0015,Addlestone,17
PCT0016,Airdrie,18
PCT0017,Alcester,19
PCT0018,Aldeburgh,20
PCT0019,Aldershot,21
PCT0020,Alford (AB),22
PCT0021,Alford (LN),23
PCT0022,Alfreton,24
PCT0023,Alness,25
PCT1432,Alnwick,26
PCT0024,Alresford,27
PCT0025,Alston,28
PCT0026,Alton,29
PCT0027,Altrincham,30
PCT0028,Alva,31
PCT0029,Ambleside,32
PCT0030,Amersham,33
PCT0031,Amlwch,34
PCT0032,Ammanford,35
PCT0033,Andover,36
PCT0034,Annan,37
PCT0035,Anstruther,38
PCT0036,Antrim,39
PCT0037,Appin,40
PCT0038,Appleby-in-Westmorland,41
PCT0039,Arbroath,42
PCT0040,Ardgay,43
PCT0041,Ardrossan,44
PCT0042,Arisaig,45
PCT0043,Arlesey,46
PCT0044,Armagh,47
PCT0045,Arrochar + Alexandria,48
PCT0046,Arthog,49
PCT0047,Arundel,50
PCT0048,Ascot,51
PCT0049,Ashbourne,52
PCT0050,Ashby-de-la-Zouch,53
PCT0051,Ashford (TN),54
PCT0052,Ashford (TW),55
PCT0053,Ashington,56
PCT0054,Ashtead,57
PCT0055,Ashton-under-Lyne,58
PCT0056,Askam-in-Furness,59
PCT0057,Atherstone,60
PCT0058,Attleborough,61
PCT0059,Auchterarder,62
PCT0060,Augher,63
PCT0061,Aughnacloy,64
PCT0062,Aviemore,65
PCT0063,Avoch,66
PCT0064,Axbridge,67
PCT0065,Axminster,68
PCT0066,Aylesbury,69
PCT0067,Aylesford,70
PCT0068,Ayr,71
PCT0069,Bacup,72
PCT0070,Badminton,73
PCT0071,Bagshot,74
PCT0072,Bakewell,75
PCT0073,Bala,76
PCT0074,Baldock,77
PCT0075,Ballachulish,78
PCT0076,Ballater,79
PCT0077,Ballindalloch,80
PCT0078,Ballycastle,81
PCT0079,Ballyclare,82
PCT0080,Ballymena,83
PCT0081,Ballymoney,84
PCT0082,Ballynahinch,85
PCT0083,Bamburgh,86
PCT0084,Banbridge,87
PCT0085,Banbury,88
PCT0086,Banchory,89
PCT0087,Banff,90
PCT0088,Bangor (BT),91
PCT0089,Bangor (LL),92
PCT0090,Banstead,93
PCT0091,Banwell,94
PCT0092,Bargoed,95
PCT0093,Barking,96
PCT0094,Barmouth,97
PCT0095,Barnard Castle,98
PCT0096,Barnet,99
PCT0097,Barnetby,100
PCT0098,Barnoldswick,101
PCT0099,Barnsley,102
PCT0100,Barnstaple,103
PCT0101,Barrow-in-Furness,104
PCT0102,Barrow-upon-Humber,105
PCT0103,Barry,106
PCT0104,Barton-upon-Humber,107
PCT0105,Basildon,108
PCT0106,Basingstoke,109
PCT0107,Bath,110
PCT0108,Bathgate,111
PCT0109,Batley,112
PCT0110,Battle,113
PCT0111,Beaconsfield,114
PCT0112,Beaminster,115
PCT0113,Beauly,116
PCT0114,Beaumaris,117
PCT0115,Beaworthy,118
PCT0116,Beccles,119
PCT0117,Beckenham,120
PCT0118,Beckermet,121
PCT0119,Bedford,122
PCT0120,Bedlington,123
PCT0121,Bedworth,124
PCT0122,Beith,125
PCT0123,Belfast,126
PCT0124,Belford,127
PCT0125,Bellshill,128
PCT0126,Belper,129
PCT0127,Belvedere,130
PCT0128,Bembridge,131
PCT0129,Benfleet,132
PCT0130,Berkeley,133
PCT0131,Berkhamsted,134
PCT0132,Berriedale,135
PCT0133,Berwick-upon-Tweed,136
PCT0134,Betchworth,137
PCT0135,Betws-y-Coed,138
PCT0136,Beverley,139
PCT0137,Bewdley,140
PCT0138,Bexhill-on-Sea,141
PCT0139,Bexley,142
PCT0140,Bexleyheath,143
PCT0141,Bicester,144
PCT0142,Bideford,145
PCT0143,Biggar,146
PCT0144,Biggleswade,147
PCT0145,Billericay,148
PCT0146,Billingham,149
PCT0147,Billingshurst,150
PCT0148,Bilston,151
PCT0149,Bingley,152
PCT0150,Birchington,153
PCT0151,Birkenhead,154
PCT0152,Birmingham,155
PCT0153,Bishop Auckland,156
PCT0154,Bishop's Stortford,157
PCT0155,Bishops Castle,158
PCT0156,Bishopton,159
PCT0157,Blackburn,160
PCT0158,Blackpool,161
PCT0159,Blackwood,162
PCT0160,Blaenau Ffestiniog,163
PCT0161,Blairgowrie,164
PCT0162,Blandford Forum,165
PCT0163,Blaydon-on-Tyne,166
PCT0164,Blyth,167
PCT0165,Bo'Ness,168
PCT0166,Boat of Garten,169
PCT0167,Bodmin,170
PCT0168,Bodorgan,171
PCT0169,Bognor Regis,172
PCT0170,Boldon Colliery,173
PCT0171,Bolton,174
PCT0172,Boncath,175
PCT0173,Bonnybridge,176
PCT0174,Bonnyrigg,177
PCT0175,Bootle,178
PCT0176,Bordon,179
PCT0177,Borehamwood,180
PCT0178,Boscastle,181
PCT0179,Boston,182
PCT0180,Bourne,183
PCT0181,Bourne End,184
PCT0182,Bournemouth,185
PCT0183,Brackley,186
PCT0184,Bracknell,187
PCT0185,Bradford,188
PCT0186,Bradford-on-Avon,189
PCT0187,Braintree,190
PCT1433,Brampton,191
PCT0188,Brandon,192
PCT0189,Braunton,193
PCT0190,Brechin,194
PCT0191,Brecon,195
PCT0192,Brentford,196
PCT0193,Brentwood,197
PCT0194,Bridge of Orchy,198
PCT0195,Bridge of Weir,199
PCT0196,Bridgend,200
PCT0197,Bridgnorth,201
PCT0198,Bridgwater,202
PCT0199,Bridlington,203
PCT0200,Bridport,204
PCT0201,Brierley Hill,205
PCT0202,Brigg,206
PCT0203,Brighouse,207
PCT0204,Brighton,208
PCT0205,Bristol,209
PCT0206,Brixham,210
PCT0207,Broadstairs,211
PCT0208,Broadstone,212
PCT0209,Broadway,213
PCT0210,Brockenhurst,214
PCT0211,Bromley,215
PCT0212,Bromsgrove,216
PCT0213,Bromyard,217
PCT0214,Brora,218
PCT0215,Broseley,219
PCT0216,Brough,220
PCT0217,Broughton-in-Furness,221
PCT0218,Broxbourne,222
PCT0219,Broxburn,223
PCT0220,Bruton,224
PCT0221,Brynteg,225
PCT0222,Buckfastleigh,226
PCT0223,Buckhurst Hill,227
PCT0224,Buckie,228
PCT0225,Buckingham,229
PCT0884,Buckley + Mold,230
PCT0226,Bude,231
PCT0227,Budleigh Salterton,232
PCT0228,Builth Wells,233
PCT0229,Bungay,234
PCT0230,Buntingford,235
PCT0231,Bures,236
PCT0232,Burgess Hill,237
PCT0233,Burnham-on-Sea,238
PCT0234,Burnley,239
PCT0235,Burntisland,240
PCT0236,Burntwood,241
PCT0237,Burry Port,242
PCT0238,Burton-on-Trent,243
PCT0239,Bury,244
PCT0240,Bury St. Edmunds,245
PCT0241,Bushey,246
PCT0242,Bushmills,247
PCT0243,Buxton,248
PCT0244,Caernarfon,249
PCT0245,Caerphilly,250
PCT0246,Cairndow,251
PCT0247,Caldicot,252
PCT0248,Caledon,253
PCT0249,Callander,254
PCT0250,Callington,255
PCT0251,Calne,256
PCT0252,Camberley,257
PCT0253,Camborne,258
PCT0254,Cambridge,259
PCT0255,Camelford,260
PCT0256,Campbeltown,261
PCT0257,Cannock,262
PCT0258,Canonbie,263
PCT0259,Canterbury,264
PCT0260,Canvey Island,265
PCT0261,Cardiff,266
PCT0262,Cardigan,267
PCT0263,Carlisle,268
PCT0264,Carluke,269
PCT0265,Carmarthen,270
PCT0266,Carnforth,271
PCT0267,Carnoustie,272
PCT0268,Carrbridge,273
PCT0269,Carrickfergus,274
PCT0270,Carshalton,275
PCT0271,Carterton + Bampton + Burford,276
PCT0272,Castle Cary,277
PCT0273,Castle Douglas,278
PCT0274,Castlederg,279
PCT1434,Castleford,280
PCT0275,Castlewellan,281
PCT0276,Caterham + Whyteleafe,282
PCT0277,Catterick Garrison,283
PCT0278,Cemaes Bay,284
PCT0279,Chalfont St. Giles,285
PCT0280,Chard,286
PCT0281,Chatham,287
PCT0282,Chathill,288
PCT0283,Chatteris,289
PCT0284,Cheadle,290
PCT0285,Cheddar,291
PCT0286,Chelmsford,292
PCT0287,Cheltenham,293
PCT0288,Chepstow,294
PCT0289,Chertsey,295
PCT0290,Chesham,296
PCT0291,Chessington,297
PCT0292,Chester,298
PCT0293,Chester le Street,299
PCT0294,Chesterfield,300
PCT0295,Chichester,301
PCT0296,Chigwell,302
PCT0297,Chinnor,303
PCT0298,Chippenham,304
PCT0299,Chipping Campden,305
PCT0300,Chipping Norton,306
PCT0301,Chislehurst,307
PCT0302,Choppington,308
PCT0303,Chorley,309
PCT0304,Christchurch,310
PCT0305,Chulmleigh,311
PCT0306,Church Stretton,312
PCT0733,Cirencester + Fairford + Lechlade,313
PCT0307,Clackmannan + Alloa,314
PCT0308,Clacton-on-Sea,315
PCT0309,Clarbeston Road,316
PCT0310,Cleator,317
PCT0311,Cleator Moor,318
PCT0312,Cleckheaton,319
PCT0313,Cleethorpes,320
PCT0314,Clevedon,321
PCT0315,Clitheroe,322
PCT0316,Clogher,323
PCT0317,Clydebank,324
PCT0318,Clynderwen,325
PCT0852,Coalville + Ibstock + Markfield,326
PCT0319,Coatbridge,327
PCT0320,Cobham,328
PCT0321,Cockburnspath,329
PCT0322,Cockermouth,330
PCT0323,Colchester,331
PCT0878,Coldstream + Mindrum + Cornhill-on-Tweed,332
PCT0324,Coleford,333
PCT0325,Coleraine,334
PCT0326,Colintraive,335
PCT0327,Colne,336
PCT0328,Colwyn Bay,337
PCT0329,Colyton,338
PCT0330,Congleton,339
PCT0331,Coniston,340
PCT1435,Consett,341
PCT0332,Conwy,342
PCT0333,Cookstown,343
PCT0334,Corbridge,344
PCT0335,Corby,345
PCT0336,Corrour,346
PCT0337,Corsham,347
PCT0338,Corwen,348
PCT0339,Cottingham,349
PCT0340,Coulsdon,350
PCT0341,Coventry,351
PCT0342,Coventry,352
PCT0344,Cowbridge,353
PCT0677,Cowdenbeath + Kelty,354
PCT0345,Cowes,355
PCT0346,Cradley Heath,356
PCT0347,Craigavon,357
PCT0348,Cramlington,358
PCT0349,Cranbrook,359
PCT0350,Cranleigh,360
PCT0819,Craven Arms + Lydbury North + Bucknell,361
PCT0351,Crawley,362
PCT0352,Crediton,363
PCT0353,Crewe,364
PCT0354,Crewkerne,365
PCT0355,Crianlarich,366
PCT0356,Criccieth,367
PCT0357,Crickhowell,368
PCT0358,Crieff,369
PCT0359,Cromarty,370
PCT0360,Cromer,371
PCT0361,Crook,372
PCT0362,Crowborough,373
PCT0363,Crowthorne,374
PCT0364,Croydon,375
PCT0365,Crumlin,376
PCT0366,Crymych,377
PCT0367,Cullompton,378
PCT0368,Cumnock,379
PCT0369,Cupar,380
PCT0673,Currie + Juniper Green + Balerno,381
PCT0370,Cwmbran,382
PCT0371,Dagenham,383
PCT0372,Dalbeattie,384
PCT0373,Dalkeith,385
PCT0374,Dalmally,386
PCT0375,Dalry,387
PCT0376,Dalton-in-Furness,388
PCT0377,Dalwhinnie,389
PCT0378,Darlington,390
PCT0379,Dartford,391
PCT0380,Dartmouth,392
PCT0381,Darvel,393
PCT0382,Darwen,394
PCT0383,Daventry,395
PCT0384,Dawlish,396
PCT0385,Deal,397
PCT0386,Deeside,398
PCT0387,Delabole,399
PCT0388,Denbigh,400
PCT0389,Denny,401
PCT0390,Derby,402
PCT0391,Dereham,403
PCT0392,Devizes,404
PCT0393,Dewsbury,405
PCT0394,Didcot,406
PCT0395,Dingwall,407
PCT0396,Diss,408
PCT0397,Dolgellau,409
PCT0398,Dollar,410
PCT0399,Dolwyddelan,411
PCT0400,Donaghadee,412
PCT0401,Doncaster,413
PCT0402,Dorchester,414
PCT0403,Dorking,415
PCT0404,Dornoch,416
PCT0405,Doune,417
PCT0406,Dover,418
PCT0407,Downham Market,419
PCT0408,Downpatrick,420
PCT0409,Driffield,421
PCT0410,Droitwich,422
PCT0411,Dromore,423
PCT0412,Dronfield,424
PCT1083,Drybrook + Mitcheldean + Lydbrook + Ruardean + Longhope,425
PCT0413,Dudley,426
PCT0414,Dukinfield,427
PCT0415,Dulas,428
PCT0416,Dulverton,429
PCT0417,Dumbarton,430
PCT0418,Dumfries,431
PCT0419,Dunbar,432
PCT0420,Dunbeath,433
PCT0421,Dunblane,434
PCT0422,Dundee,435
PCT0423,Dunfermline,436
PCT0424,Dungannon,437
PCT0425,Dunkeld,438
PCT0426,Dunmow,439
PCT0427,Dunoon,440
PCT0428,Duns,441
PCT0429,Dunstable,442
PCT0430,Durham,443
PCT1436,Dursley,444
PCT0431,Dyffryn Ardudwy,445
PCT0432,Earlston,446
PCT0433,East Boldon,447
PCT0434,East Cowes,448
PCT0436,East Grinstead,449
PCT0435,East Linton,450
PCT0437,Eastbourne,451
PCT0438,Eastleigh,452
PCT0439,Ebbw Vale,453
PCT0440,Edenbridge,454
PCT0441,Edgware,455
PCT0442,Edinburgh,456
PCT0443,Egham,457
PCT0444,Egremont,458
PCT0445,Elgin,459
PCT0446,Elland,460
PCT0447,Ellesmere,461
PCT0448,Ellesmere Port,462
PCT0449,Ellon,463
PCT0450,Ely,464
PCT0451,Emsworth,465
PCT0452,Enfield,466
PCT0453,Enniskillen,467
PCT0454,Epping,468
PCT0455,Epsom,469
PCT0456,Erith,470
PCT0457,Erskine,471
PCT0458,Esher,472
PCT0459,Etchingham,473
PCT0460,Evesham,474
PCT0461,Exeter,475
PCT0462,Exmouth,476
PCT0463,Eye,477
PCT0464,Eyemouth,478
PCT0465,Fairbourne,479
PCT0466,Fakenham,480
PCT0467,Falkirk,481
PCT0468,Falmouth,482
PCT0469,Fareham,483
PCT0470,Faringdon,484
PCT0471,Farnborough,485
PCT0472,Farnham,486
PCT0473,Faversham,487
PCT0474,Felixstowe,488
PCT0475,Feltham,489
PCT0476,Ferndale,490
PCT0477,Ferndown,491
PCT0478,Ferryhill,492
PCT0479,Filey,493
PCT0480,Fishguard,494
PCT0481,Fivemiletown,495
PCT0482,Fleet,496
PCT0483,Fleetwood,497
PCT0484,Flint + Bagillt,498
PCT0485,Fochabers,499
PCT0486,Folkestone,500
PCT0487,Fordingbridge,501
PCT0488,Forest Row,502
PCT0708,Forfar + Kirriemuir,503
PCT0489,Forres,504
PCT0490,Forsinard,505
PCT0491,Fort Augustus,506
PCT0492,Fort William,507
PCT0493,Fortrose,508
PCT0494,Fowey,509
PCT0495,Fraserburgh,510
PCT0496,Freshwater,511
PCT0497,Frinton-on-Sea,512
PCT0498,Frizington,513
PCT0499,Frodsham,514
PCT0500,Frome,515
PCT0501,Gaerwen,516
PCT0502,Gainsborough,517
PCT0503,Gairloch,518
PCT0504,Galashiels,519
PCT0505,Galston,520
PCT0506,Garndolbenmaen,521
PCT0507,Garve,522
PCT0508,Gateshead,523
PCT0509,Gerrards Cross,524
PCT0510,Gillingham (ME),525
PCT0511,Gillingham (SP),526
PCT0512,Girvan,527
PCT0513,Glasgow,528
PCT0514,Glastonbury,529
PCT0515,Glenfinnan,530
PCT0516,Glenrothes,531
PCT0517,Glogue,532
PCT0518,Glossop,533
PCT0519,Gloucester,534
PCT0520,Godalming,535
PCT0521,Godstone,536
PCT0522,Golspie,537
PCT0523,Goodwick,538
PCT0524,Goole,539
PCT0525,Gordon,540
PCT0526,Gorebridge,541
PCT1437,Gosport,542
PCT0527,Gourock,543
PCT0528,Grange-over-Sands,544
PCT0529,Grangemouth,545
PCT0530,Grantham,546
PCT0531,Grantown-on-Spey,547
PCT0532,Gravesend,548
PCT0533,Grays,549
PCT0534,Great Missenden,550
PCT0535,Great Yarmouth,551
PCT0536,Greenford,552
PCT0537,Greenhithe,553
PCT0538,Greenock,554
PCT0539,Gretna,555
PCT0540,Grimsby,556
PCT0541,Guildford,557
PCT0542,Guisborough,558
PCT0543,Gullane,559
PCT0544,Gunnislake + Calstock,560
PCT0545,Haddington,561
PCT0546,Hailsham,562
PCT0547,Halesowen,563
PCT0548,Halesworth,564
PCT0549,Halifax,565
PCT0550,Halkirk,566
PCT0551,Halstead,567
PCT0552,Haltwhistle,568
PCT0553,Hamilton,569
PCT0554,Hampton,570
PCT0555,Harlech,571
PCT0556,Harleston,572
PCT0557,Harlow,573
PCT0558,Harpenden,574
PCT0559,Harrogate,575
PCT0560,Harrow,576
PCT0561,Hartfield,577
PCT0562,Hartlepool,578
PCT0563,Harwich,579
PCT1438,Haslemere,580
PCT0564,Hassocks,581
PCT0565,Hastings,582
PCT0566,Hatfield,583
PCT1078,Havant + Rowland's Castle,584
PCT0567,Haverfordwest,585
PCT0568,Haverhill,586
PCT0921,Hawick + Newcastleton,587
PCT0569,Hayes,588
PCT0570,Hayle,589
PCT0571,Hayling Island,590
PCT0572,Haywards Heath,591
PCT0573,Heanor,592
PCT0574,Heathfield,593
PCT0575,Hebburn,594
PCT0576,Hebden Bridge,595
PCT0577,Heckmondwike,596
PCT0578,Helensburgh,597
PCT0579,Helmsdale,598
PCT0580,Helston,599
PCT0581,Hemel Hempstead,600
PCT0582,Henfield,601
PCT0583,Hengoed,602
PCT0584,Henley-in-Arden,603
PCT0585,Henley-on-Thames,604
PCT0586,Henlow,605
PCT0587,Hereford,606
PCT0588,Heriot,607
PCT0589,Herne Bay,608
PCT0590,Hertford,609
PCT0591,Hessle,610
PCT0592,Hexham,611
PCT0593,Heywood,612
PCT0594,High Peak,613
PCT0595,High Wycombe,614
PCT0596,Highbridge,615
PCT0597,Hillsborough,616
PCT0598,Hinckley,617
PCT0599,Hindhead,618
PCT0600,Hinton St. George,619
PCT0601,Hitchin,620
PCT0602,Hockley,621
PCT0603,Hoddesdon,622
PCT0604,Holmfirth,623
PCT0605,Holmrook,624
PCT0606,Holsworthy,625
PCT0607,Holt + Blakeney,626
PCT0608,Holyhead,627
PCT0609,Holywell,628
PCT0610,Holywood,629
PCT0611,Honiton,630
PCT0612,Hook,631
PCT0613,Hope Valley,632
PCT0614,Horley,633
PCT0615,Horncastle,634
PCT0616,Hornchurch,635
PCT0617,Hornsea,636
PCT0618,Horsham,637
PCT0619,Houghton le Spring,638
PCT0620,Hounslow,639
PCT0621,Hove,640
PCT0622,Huddersfield,641
PCT0623,Hull,642
PCT0624,Humbie,643
PCT0625,Hungerford,644
PCT0626,Hunstanton,645
PCT0627,Huntingdon,646
PCT0628,Huntly,647
PCT0629,Hyde,648
PCT0630,Hythe,649
PCT0631,Ilford,650
PCT1409,Ilfracombe + Woolacombe,651
PCT0632,Ilkeston,652
PCT0633,Ilkley,653
PCT0634,Ilminster,654
PCT0635,Immingham,655
PCT0636,Ingatestone,656
PCT0637,Innerleithen,657
PCT0638,Insch,658
PCT0639,Inveraray,659
PCT0640,Invergarry,660
PCT0641,Invergordon,661
PCT0642,Inverkeithing,662
PCT0643,Inverness,663
PCT0644,Inverurie,664
PCT0645,Ipswich,665
PCT0646,Irvine,666
PCT0664,Isle of Arran,667
PCT0647,Isle of Barra,668
PCT0648,Isle of Benbecula,669
PCT0649,Isle of Bute,670
PCT0650,Isle of Coll,671
PCT0651,Isle of Colonsay,672
PCT0665,Isle of Cumbrae,673
PCT0652,Isle of Gigha,674
PCT0653,Isle of Harris,675
PCT0654,Isle of Iona,676
PCT0655,Isle of Islay,677
PCT0656,Isle of Jura,678
PCT0657,Isle of Lewis,679
PCT0658,Isle of Mull,680
PCT0659,Isle of North Uist,681
PCT0660,Isle of Scalpay,682
PCT0661,Isle of Skye,683
PCT0662,Isle of South Uist,684
PCT0663,Isle of Tiree,685
PCT0666,Isles of Scilly,686
PCT0667,Isleworth,687
PCT0668,Iver,688
PCT0669,Ivybridge,689
PCT0670,Jarrow,690
PCT0671,Jedburgh,691
PCT0672,Johnstone,692
PCT0674,Keighley,693
PCT0675,Keith,694
PCT0676,Kelso,695
PCT0678,Kendal,696
PCT0343,Kenilworth,697
PCT1038,Kenley + Purley,698
PCT0679,Keston,699
PCT0680,Keswick,700
PCT0681,Kettering,701
PCT0682,Kidderminster,702
PCT0683,Kidlington,703
PCT0684,Kidwelly + Ferryside,704
PCT0685,Kilbirnie,705
PCT0686,Kilgetty,706
PCT0687,Killin,707
PCT0688,Kilmacolm,708
PCT0689,Kilmarnock,709
PCT0690,Kilwinning,710
PCT0691,Kinbrace,711
PCT0692,King's Lynn,712
PCT0693,Kings Langley,713
PCT0694,Kingsbridge,714
PCT0695,Kingston upon Thames,715
PCT0696,Kingswinford,716
PCT0697,Kington,717
PCT0698,Kingussie,718
PCT0699,Kinlochleven,719
PCT0700,Kinross,720
PCT0701,Kirkby Stephen,721
PCT0702,Kirkby-in-Furness,722
PCT0703,Kirkcaldy,723
PCT0704,Kirkcudbright,724
PCT0705,Kirkliston,725
PCT0706,Kirknewton,726
PCT0707,Kirkwall,727
PCT0709,Knaresborough,728
PCT0710,Knebworth,729
PCT0711,Knighton,730
PCT0712,Knottingley,731
PCT0713,Knutsford,732
PCT0714,Kyle,733
PCT0715,Lairg,734
PCT0716,Lampeter,735
PCT0717,Lanark,736
PCT0718,Lancaster,737
PCT0719,Lancing,738
PCT0720,Langholm,739
PCT0721,Langport,740
PCT0722,Larbert,741
PCT0723,Largs,742
PCT0724,Larkhall,743
PCT0725,Larne,744
PCT0726,Lasswade,745
PCT0727,Latheron,746
PCT0728,Lauder,747
PCT0729,Launceston,748
PCT0730,Laurencekirk,749
PCT0731,Leamington Spa,750
PCT0732,Leatherhead,751
PCT0734,Ledbury,752
PCT0735,Lee-on-the-Solent,753
PCT0736,Leeds,754
PCT0737,Leek,755
PCT0738,Leicester,756
PCT0739,Leigh,757
PCT0740,Leigh-on-Sea,758
PCT0741,Leighton Buzzard,759
PCT0742,Leiston,760
PCT0743,Leominster,761
PCT0744,Letchworth Garden City,762
PCT0745,Leven,763
PCT0746,Lewes,764
PCT0747,Leyburn + Bedale + Hawes,765
PCT0748,Leyland,766
PCT0749,Lichfield,767
PCT0750,Lifton,768
PCT0751,Lightwater,769
PCT0752,Limavady,770
PCT0753,Lincoln,771
PCT0754,Lingfield,772
PCT0755,Linlithgow,773
PCT0756,Liphook,774
PCT0757,Lisburn,775
PCT0758,Liskeard,776
PCT0759,Liss,777
PCT0760,Littleborough,778
PCT0761,Littlehampton,779
PCT0762,Liverpool,780
PCT0763,Liversedge,781
PCT0764,Livingston,782
PCT0765,Llanarth,783
PCT0766,Llanbedr,784
PCT0767,Llanbedrgoch,785
PCT0768,Llanbrynmair,786
PCT0786,Llandeilo + Llangadog + Llanwrda,787
PCT0769,Llandinam + Caersws,788
PCT0770,Llandovery,789
PCT0771,Llandrindod Wells,790
PCT0772,Llandudno,791
PCT0773,Llandudno Junction,792
PCT0774,Llandysul,793
PCT0775,Llanelli,794
PCT0776,Llanerchymedd,795
PCT0777,Llanfairfechan,796
PCT0778,Llanfairpwllgwyngyll,797
PCT0789,Llanfyllin + Llanfechain + Llanymynech + Meifod,798
PCT0779,Llanfyrnach,799
PCT0780,Llangammarch Wells,800
PCT1446,Llangefni,801
PCT0781,Llangollen,802
PCT0782,Llanidloes,803
PCT0784,Llanrwst,804
PCT0785,Llantwit Major,805
PCT0787,Llanwrtyd Wells,806
PCT0788,Llanybydder,807
PCT0790,Llwyngwril,808
PCT0791,Loanhead,809
PCT0792,Lochailort,810
PCT0793,Lochearnhead,811
PCT0794,Lochgelly,812
PCT0795,Lochgilphead,813
PCT0796,Lochwinnoch,814
PCT0797,Lockerbie,815
PCT0798,London (E),816
PCT0799,London (EC),817
PCT0800,London (N),818
PCT0801,London (NW),819
PCT0802,London (SE),820
PCT0803,London (SW),821
PCT0804,London (W),822
PCT0805,London (WC),823
PCT0806,Londonderry,824
PCT0807,Longfield,825
PCT0808,Looe,826
PCT0809,Lossiemouth,827
PCT0810,Lostwithiel,828
PCT0811,Loughborough,829
PCT0812,Loughton,830
PCT0813,Louth,831
PCT0814,Lowestoft,832
PCT0815,Ludlow,833
PCT0816,Luton,834
PCT0817,Lutterworth,835
PCT0818,Lybster,836
PCT0820,Lydney,837
PCT0821,Lyme Regis,838
PCT0822,Lymington,839
PCT0823,Lymm,840
PCT0824,Lyndhurst,841
PCT0825,Lynton + Lynmouth,842
PCT0826,Lytham St. Annes,843
PCT0827,Mablethorpe,844
PCT0828,Macclesfield,845
PCT0829,Macduff,846
PCT0830,Machynlleth,847
PCT0831,Maesteg,848
PCT0832,Maghera,849
PCT0833,Magherafelt,850
PCT0834,Maidenhead,851
PCT0835,Maidstone,852
PCT0836,Maldon,853
PCT0837,Mallaig,854
PCT0838,Malmesbury,855
PCT0839,Malpas,856
PCT0840,Malton,857
PCT0841,Malvern,858
PCT0842,Manchester,859
PCT0843,Manningtree,860
PCT0844,Mansfield,861
PCT0845,Marazion,862
PCT0846,March,863
PCT0847,Margate,864
PCT0848,Marianglas,865
PCT0849,Market Drayton,866
PCT0850,Market Harborough,867
PCT0851,Market Rasen,868
PCT0853,Marlborough,869
PCT0854,Marlow,870
PCT0855,Martock,871
PCT0856,Maryport,872
PCT0857,Matlock,873
PCT0858,Mauchline,874
PCT0859,Maybole,875
PCT0860,Mayfield,876
PCT0861,Melksham,877
PCT0862,Melrose,878
PCT0863,Melton Constable,879
PCT0864,Melton Mowbray,880
PCT0865,Menai Bridge,881
PCT0866,Menstrie,882
PCT0867,Merriott,883
PCT0868,Merthyr Tydfil,884
PCT0869,Mexborough,885
PCT0870,Middlesbrough,886
PCT0871,Middlewich,887
PCT0872,Midhurst,888
PCT0873,Milford Haven,889
PCT0874,Millom,890
PCT0875,Milltimber,891
PCT0876,Milnthorpe,892
PCT0877,Milton Keynes,893
PCT0879,Minehead,894
PCT0880,Mirfield,895
PCT0881,Mitcham,896
PCT0882,Moelfre,897
PCT0883,Moffat,898
PCT1357,Molesey,899
PCT0885,Monmouth,900
PCT0886,Montacute,901
PCT0887,Montgomery,902
PCT0888,Montrose,903
PCT0889,Moor Row,904
PCT0890,Morden,905
PCT0891,Morecambe,906
PCT0892,Moreton-in-Marsh,907
PCT0893,Morpeth,908
PCT0894,Motherwell,909
PCT0895,Mountain Ash,910
PCT0896,Much Hadham,911
PCT0897,Much Wenlock,912
PCT0898,Muir of Ord,913
PCT0899,Munlochy,914
PCT0900,Musselburgh,915
PCT0901,Nairn,916
PCT0902,Nantwich,917
PCT0903,Narberth,918
PCT0904,Neath,919
PCT0905,Nelson,920
PCT0906,Neston,921
PCT0907,Nethy Bridge,922
PCT0908,New Malden,923
PCT0909,New Milton,924
PCT0910,New Quay,925
PCT0911,New Romney,926
PCT0912,New Tredegar,927
PCT0913,Newark,928
PCT0914,Newbiggin-by-the-Sea,929
PCT0915,Newbridge,930
PCT0916,Newbury,931
PCT0917,Newcastle (BT),932
PCT0918,Newcastle (ST),933
PCT0919,Newcastle Emlyn,934
PCT0920,Newcastle upon Tyne,935
PCT0922,Newent + Dymock,936
PCT0923,Newhaven,937
PCT0924,Newmarket,938
PCT0925,Newmilns,939
PCT0926,Newport (NP),940
PCT1445,Newport (PO),941
PCT0927,Newport (SA),942
PCT0928,Newport (TF),943
PCT0929,Newport Pagnell,944
PCT1250,Newport-on-Tay + Tayport,945
PCT0930,Newquay,946
PCT0931,Newry (South Armagh),947
PCT0932,Newry (South Down),948
PCT0933,Newton Abbot,949
PCT0934,Newton Aycliffe,950
PCT0935,Newton Stewart,951
PCT0936,Newton-le-Willows,952
PCT0937,Newtonmore,953
PCT0938,Newtown,954
PCT0939,Newtownabbey,955
PCT0940,Newtownards,956
PCT0941,Normanton,957
PCT0942,North Berwick,958
PCT0943,North Ferriby,959
PCT0944,North Shields,960
PCT1439,North Walsham,961
PCT0945,Northallerton,962
PCT0946,Northampton,963
PCT0947,Northolt,964
PCT0948,Northwich,965
PCT0949,Northwood,966
PCT0950,Norwich,967
PCT0951,Nottingham,968
PCT0952,Nuneaton,969
PCT0953,Oakham,970
PCT0954,Oban,971
PCT0955,Okehampton + North Tawton,972
PCT0956,Oldbury,973
PCT0957,Oldham,974
PCT0958,Olney,975
PCT0959,Omagh,976
PCT0960,Ongar,977
PCT0961,Orkney,978
PCT0962,Ormskirk,979
PCT0963,Orpington,980
PCT0964,Ossett,981
PCT0965,Oswestry,982
PCT0966,Otley,983
PCT0967,Ottery St. Mary,984
PCT0968,Oxford,985
PCT0969,Oxted,986
PCT0970,Padstow,987
PCT0971,Paignton,988
PCT0972,Paisley,989
PCT0973,Par,990
PCT0974,Pathhead,991
PCT0975,Patna and Drongan,992
PCT0976,Peacehaven,993
PCT0977,Peebles,994
PCT0978,Pembroke,995
PCT0979,Pembroke Dock,996
PCT0980,Penarth + Dinas Powys,997
PCT0981,Pencader,998
PCT0982,Penicuik,999
PCT0983,Penmaenmawr,1000
PCT0984,Penrhyndeudraeth,1001
PCT0985,Penrith,1002
PCT0986,Penryn,1003
PCT0987,Pentraeth,1004
PCT0988,Pentre,1005
PCT0989,Penysarn,1006
PCT0990,Penzance,1007
PCT0991,Perranporth,1008
PCT0992,Pershore,1009
PCT0993,Perth,1010
PCT0994,Peterborough,1011
PCT0995,Peterculter,1012
PCT0996,Peterhead,1013
PCT0997,Peterlee,1014
PCT0998,Petersfield,1015
PCT0999,Petworth,1016
PCT1000,Pevensey,1017
PCT1001,Pewsey,1018
PCT1002,Pickering,1019
PCT1003,Pinner,1020
PCT1004,Pitlochry,1021
PCT1005,Plockton,1022
PCT1006,Plymouth,1023
PCT1007,Polegate,1024
PCT1008,Pontefract,1025
PCT1009,Pontyclun,1026
PCT1010,Pontypool,1027
PCT1011,Pontypridd,1028
PCT1012,Poole,1029
PCT1013,Port Glasgow,1030
PCT1015,Port Isaac,1031
PCT1014,Port Talbot,1032
PCT1016,Porth,1033
PCT1017,Porthcawl,1034
PCT1018,Porthmadog,1035
PCT1019,Portland,1036
PCT1020,Portree,1037
PCT1021,Portrush,1038
PCT1022,Portsmouth,1039
PCT1023,Portstewart,1040
PCT1024,Potters Bar,1041
PCT1025,Poulton-le-Fylde,1042
PCT1026,Prenton,1043
PCT1027,Prescot,1044
PCT1028,Prestatyn,1045
PCT1029,Presteigne,1046
PCT1030,Preston,1047
PCT1031,Prestonpans + Longniddry,1048
PCT1032,Prestwick,1049
PCT1033,Princes Risborough,1050
PCT1034,Prudhoe,1051
PCT1035,Pudsey,1052
PCT1036,Pulborough,1053
PCT1037,Purfleet,1054
PCT1039,Pwllheli,1055
PCT1040,Queenborough,1056
PCT1041,Radlett,1057
PCT1042,Radstock,1058
PCT1043,Rainham,1059
PCT1044,Ramsgate,1060
PCT1045,Ravenglass,1061
PCT1046,Rayleigh,1062
PCT1047,Reading,1063
PCT1048,Redcar,1064
PCT1049,Redditch,1065
PCT1050,Redhill,1066
PCT1051,Redruth,1067
PCT1052,Reigate,1068
PCT1053,Renfrew,1069
PCT1054,Retford,1070
PCT1055,Rhayader,1071
PCT1056,Rhosgoch,1072
PCT1057,Rhosneigr,1073
PCT1440,Rhyl,1074
PCT1058,Richmond (DL),1075
PCT1059,Richmond (TW),1076
PCT1060,Rickmansworth,1077
PCT1061,Riding Mill,1078
PCT1062,Ringwood,1079
PCT1063,Ripley,1080
PCT1064,Ripon,1081
PCT1065,Robertsbridge,1082
PCT1066,Rochdale,1083
PCT1067,Rochester,1084
PCT1068,Rochford,1085
PCT1069,Rogart,1086
PCT1070,Romford,1087
PCT1071,Romney Marsh,1088
PCT1072,Romsey,1089
PCT1073,Rosewell,1090
PCT1074,Roslin,1091
PCT1075,Ross-on-Wye,1092
PCT1076,Rossendale,1093
PCT1077,Rotherham,1094
PCT1079,Rowlands Gill,1095
PCT1080,Rowley Regis,1096
PCT1081,Roy Bridge,1097
PCT1082,Royston,1098
PCT1084,Rugby,1099
PCT1085,Rugeley,1100
PCT1086,Ruislip,1101
PCT1087,Runcorn,1102
PCT1088,Rushden,1103
PCT1089,Ruthin,1104
PCT1090,Ryde,1105
PCT1091,Rye,1106
PCT1092,Ryton,1107
PCT1093,Saffron Walden,1108
PCT1094,Salcombe,1109
PCT1095,Sale,1110
PCT1096,Salford,1111
PCT1097,Salisbury,1112
PCT1098,Saltash,1113
PCT1099,Saltburn-by-the-Sea,1114
PCT1100,Saltcoats,1115
PCT1101,Sandbach,1116
PCT1102,Sandhurst,1117
PCT1441,Sandown,1118
PCT1103,Sandringham,1119
PCT1104,Sandwich,1120
PCT1105,Sandy,1121
PCT1106,Sanquhar,1122
PCT1107,Saundersfoot,1123
PCT1108,Sawbridgeworth,1124
PCT1109,Saxmundham,1125
PCT1110,Scarborough,1126
PCT1111,Scunthorpe,1127
PCT1112,Seaford,1128
PCT1113,Seaham,1129
PCT1114,Seahouses,1130
PCT1115,Seascale,1131
PCT1116,Seaton,1132
PCT1117,Seaview,1133
PCT1118,Sedbergh,1134
PCT1119,Selby,1135
PCT1120,Selkirk,1136
PCT1121,Settle,1137
PCT1122,Sevenoaks,1138
PCT1123,Shaftesbury,1139
PCT1124,Shanklin,1140
PCT1125,Sheerness,1141
PCT1126,Sheffield,1142
PCT1127,Shefford,1143
PCT1128,Shepperton,1144
PCT1129,Shepton Mallet,1145
PCT1130,Sherborne,1146
PCT1131,Sheringham,1147
PCT1132,Shetland,1148
PCT1133,Shifnal,1149
PCT1134,Shildon,1150
PCT1135,Shipley,1151
PCT1136,Shipston-on-Stour,1152
PCT1137,Shoreham-by-Sea,1153
PCT1138,Shotts,1154
PCT1139,Shrewsbury,1155
PCT1140,Sidcup,1156
PCT1141,Sidmouth,1157
PCT1142,Sittingbourne,1158
PCT1143,Skegness,1159
PCT1442,Skelmersdale + Wigan North West,1160
PCT1144,Skelmorlie,1161
PCT1145,Skipton,1162
PCT1146,Sleaford,1163
PCT1147,Slough,1164
PCT1148,Smethwick,1165
PCT1443,Snodland,1166
PCT1149,Solihull,1167
PCT1150,Somerton,1168
PCT1151,South Brent,1169
PCT1152,South Croydon,1170
PCT1153,South Molton,1171
PCT1154,South Ockendon,1172
PCT1155,South Petherton,1173
PCT1156,South Queensferry,1174
PCT1157,South Shields,1175
PCT1158,Southall,1176
PCT1159,Southam,1177
PCT1160,Southampton,1178
PCT1161,Southend-on-Sea,1179
PCT1162,Southminster + Burnham-on-Crouch,1180
PCT1163,Southport,1181
PCT1164,Southsea,1182
PCT1165,Southwell,1183
PCT1166,Southwold,1184
PCT1167,Sowerby Bridge,1185
PCT1168,Spalding,1186
PCT1169,Spean Bridge,1187
PCT1170,Spennymoor,1188
PCT1171,Spilsby,1189
PCT1172,Springside,1190
PCT1173,St. Agnes,1191
PCT1174,St. Albans,1192
PCT1175,St. Andrews,1193
PCT1176,St. Asaph,1194
PCT1184,St. Austell,1195
PCT1177,St. Bees,1196
PCT1178,St. Columb,1197
PCT1179,St. Helens,1198
PCT1180,St. Ives (PE),1199
PCT1181,St. Ives (TR),1200
PCT1182,St. Leonards-on-Sea,1201
PCT1183,St. Neots,1202
PCT1185,Stafford,1203
PCT1186,Staines-upon-Thames,1204
PCT1187,Stalybridge,1205
PCT1188,Stamford,1206
PCT1189,Stanford-le-Hope,1207
PCT1190,Stanley,1208
PCT1191,Stanmore,1209
PCT1192,Stansted,1210
PCT1193,Stevenage,1211
PCT1194,Stevenston,1212
PCT1195,Steyning,1213
PCT1196,Stirling,1214
PCT1197,Stockbridge,1215
PCT1198,Stockport,1216
PCT1199,Stocksfield,1217
PCT1200,Stockton-on-Tees,1218
PCT1202,Stoke-on-Trent,1219
PCT1201,Stoke-sub-Hamdon,1220
PCT1203,Stone,1221
PCT1204,Stonehaven,1222
PCT1205,Stonehouse,1223
PCT1206,Stornoway,1224
PCT1207,Stourbridge,1225
PCT1208,Stourport-on-Severn,1226
PCT1209,Stowmarket,1227
PCT1210,Strabane,1228
PCT1211,Stranraer,1229
PCT1212,Stratford-upon-Avon,1230
PCT1213,Strathaven,1231
PCT1214,Strathcarron,1232
PCT1215,Strathdon,1233
PCT1216,Strathpeffer,1234
PCT1217,Street,1235
PCT1218,Strome Ferry,1236
PCT1219,Stromness,1237
PCT1220,Stroud,1238
PCT1221,Studley,1239
PCT1222,Sturminster Newton,1240
PCT1223,Sudbury,1241
PCT1224,Sunbury-on-Thames,1242
PCT1225,Sunderland,1243
PCT1226,Surbiton,1244
PCT1227,Sutton,1245
PCT1228,Sutton Coldfield,1246
PCT1229,Sutton-in-Ashfield,1247
PCT1230,Swadlincote,1248
PCT1231,Swaffham,1249
PCT1232,Swanage,1250
PCT1233,Swanley,1251
PCT1234,Swanscombe,1252
PCT1235,Swansea,1253
PCT1236,Swindon,1254
PCT1237,Tadcaster,1255
PCT1238,Tadley,1256
PCT1239,Tadworth,1257
PCT1240,Tain,1258
PCT1241,Talsarnau,1259
PCT1242,Talybont (LL),1260
PCT1243,Talybont (SY) + Borth + Bow Street,1261
PCT1244,Tamworth,1262
PCT1245,Tarbert,1263
PCT1246,Tarporley,1264
PCT1247,Taunton,1265
PCT1248,Tavistock,1266
PCT1249,Taynuilt,1267
PCT1251,Teddington,1268
PCT1252,Teignmouth,1269
PCT1253,Telford,1270
PCT1254,Templecombe,1271
PCT1255,Tenbury Wells,1272
PCT1256,Tenby,1273
PCT1257,Tenterden,1274
PCT1258,Tetbury,1275
PCT1259,Tewkesbury,1276
PCT1260,Thame,1277
PCT1261,Thames Ditton,1278
PCT1262,Thatcham,1279
PCT1263,Thetford,1280
PCT1264,Thirsk,1281
PCT1265,Thornhill,1282
PCT1266,Thornton Heath,1283
PCT1267,Thornton-Cleveleys,1284
PCT1268,Thurso,1285
PCT1269,Tidworth,1286
PCT1270,Tighnabruaich,1287
PCT1271,Tilbury,1288
PCT1272,Tillicoultry,1289
PCT1273,Tintagel,1290
PCT1274,Tipton,1291
PCT1275,Tiverton,1292
PCT1276,Todmorden,1293
PCT1277,Tonbridge,1294
PCT1278,Tonypandy,1295
PCT1279,Torpoint,1296
PCT1280,Torquay,1297
PCT1281,Torrington,1298
PCT1282,Totland Bay,1299
PCT1283,Totnes,1300
PCT1284,Towcester,1301
PCT1285,Tranent,1302
PCT1286,Tredegar,1303
PCT1287,Trefriw,1304
PCT1427,Tregaron + Ystrad Meurig,1305
PCT1288,Treharris,1306
PCT1289,Treorchy,1307
PCT1290,Trimdon Station,1308
PCT1291,Tring,1309
PCT1292,Troon,1310
PCT1293,Trowbridge,1311
PCT1294,Truro,1312
PCT1295,Tunbridge Wells,1313
PCT1296,Turriff,1314
PCT1297,Twickenham,1315
PCT1298,Ty Croes,1316
PCT1299,Tyn-y-Gongl,1317
PCT1300,Tywyn,1318
PCT1301,Uckfield,1319
PCT1302,Ulceby,1320
PCT1303,Ullapool,1321
PCT1304,Ulverston,1322
PCT1305,Umberleigh,1323
PCT1306,Upminster,1324
PCT1307,Usk,1325
PCT1308,Uttoxeter,1326
PCT1309,Uxbridge,1327
PCT1310,Ventnor,1328
PCT1311,Verwood,1329
PCT1312,Virginia Water,1330
PCT1313,Wadebridge,1331
PCT1314,Wadhurst,1332
PCT1315,Wakefield,1333
PCT1316,Walkerburn,1334
PCT1317,Wallasey,1335
PCT1318,Wallingford,1336
PCT1319,Wallington,1337
PCT1320,Wallsend,1338
PCT1321,Walsall,1339
PCT1322,Walsingham,1340
PCT1323,Waltham Abbey,1341
PCT1324,Waltham Cross,1342
PCT1325,Walton on the Naze,1343
PCT1326,Walton-on-Thames,1344
PCT1327,Wantage,1345
PCT1328,Ware,1346
PCT1329,Wareham,1347
PCT1330,Warlingham,1348
PCT1331,Warminster,1349
PCT1332,Warrington,1350
PCT1333,Warwick,1351
PCT1334,Washington,1352
PCT1335,Watchet,1353
PCT1336,Waterlooville,1354
PCT1337,Watford,1355
PCT1338,Watlington,1356
PCT1339,Wedmore,1357
PCT1340,Wednesbury,1358
PCT1341,Welling,1359
PCT1342,Wellingborough,1360
PCT1343,Wellington,1361
PCT1344,Wells,1362
PCT1345,Wells-next-the-Sea,1363
PCT1346,Welshpool,1364
PCT1347,Welwyn,1365
PCT1348,Welwyn Garden City,1366
PCT1349,Wembley,1367
PCT1350,Wemyss Bay,1368
PCT1351,West Bromwich,1369
PCT1352,West Byfleet,1370
PCT1353,West Calder,1371
PCT1354,West Drayton,1372
PCT1359,West Kilbride,1373
PCT1355,West Linton,1374
PCT1356,West Malling,1375
PCT1358,West Wickham,1376
PCT1360,Westbury,1377
PCT1361,Westbury-on-Severn + Cinderford + Newnham,1378
PCT1362,Westcliff-on-Sea,1379
PCT1363,Westerham,1380
PCT1364,Westgate-on-Sea,1381
PCT1365,Westhill,1382
PCT1366,Weston-super-Mare,1383
PCT1367,Wetherby,1384
PCT1368,Weybridge,1385
PCT1369,Weymouth,1386
PCT1444,Wheatley,1387
PCT1370,Whitby,1388
PCT1371,Whitchurch (RG),1389
PCT1372,Whitchurch (SY),1390
PCT1373,Whitehaven,1391
PCT1374,Whitland,1392
PCT1375,Whitley Bay,1393
PCT1376,Whitstable,1394
PCT1377,Wick,1395
PCT1378,Wickford,1396
PCT1379,Widnes,1397
PCT1380,Wigan,1398
PCT1381,Wigston,1399
PCT1382,Wigton,1400
PCT1383,Willenhall,1401
PCT1384,Wilmslow + Alderley Edge,1402
PCT1385,Wimborne,1403
PCT1386,Wincanton,1404
PCT1387,Winchelsea,1405
PCT1388,Winchester,1406
PCT1389,Windermere,1407
PCT1390,Windlesham,1408
PCT1391,Windsor,1409
PCT1392,Wingate,1410
PCT1393,Winkleigh,1411
PCT1394,Winscombe,1412
PCT1395,Winsford,1413
PCT1396,Wirral,1414
PCT1397,Wisbech,1415
PCT1398,Wishaw,1416
PCT1399,Witham,1417
PCT1400,Withernsea,1418
PCT1401,Witney,1419
PCT1402,Woking,1420
PCT1403,Wokingham,1421
PCT1404,Wolverhampton,1422
PCT1405,Woodbridge,1423
PCT1406,Woodford Green,1424
PCT1407,Woodhall Spa,1425
PCT1408,Woodstock,1426
PCT1410,Wooler,1427
PCT1411,Worcester,1428
PCT1412,Worcester Park,1429
PCT1413,Workington,1430
PCT1414,Worksop,1431
PCT1415,Worthing,1432
PCT1416,Wotton-under-Edge,1433
PCT1417,Wrexham,1434
PCT1418,Wylam,1435
PCT1419,Wymondham,1436
PCT1420,Y Felinheli,1437
PCT1421,Yarm,1438
PCT1422,Yarmouth,1439
PCT1423,Yateley,1440
PCT1424,Yelverton,1441
PCT1425,Yeovil,1442
PCT1426,York,1443
